Product ID,Product Name,Publisher,Genre,Taxable,price,Quantity
DS_2500RRAGP8,Risen,Deep Silver,Action|Role-playing,1,$60.72,10
DS_2509RRAFO8,Commandos I: Behind Enemy Lines,Eidos Interactive,Strategy,0,$132.10,11
DS_251O26B4QW,The Godfather II,Electronic Arts,Action|Adventure,0,$95.52,1
DS_2522TK2IR1,Watch Dogs,Ubisoft,Action|Adventure,1,$149.80,6
DS_252CHIP52M,Counter-Strike,Sierra|Valve Corporation|Microsoft Studios,First-person shooter,1,$43.91,2
DS_252P37C5RX,L.A. Noire,Rockstar Games,Action|Adventure,1,$100.74,13
DS_252PR5PS19,Pokemon,Nintendo,Collectible Cards,0,$108.97,11
DS_253QS6QT3A,Bully,Bethesda Softworks|Rockstar Games,Action|Adventure,1,$97.91,2
DS_253RT7RU31,Postal II Demo Game,Whiptail Interactive,First-person shooter,1,$56.64,4
DS_254F8A4M6R,Darksiders,THQ,Hack and slash|Action|Adventure,0,$57.01,12
DS_254FTU184P,Sonic Blast Man,Taito,Beat 'em up,1,$116.77,9
DS_255SU8SV42,Dreamweb,Empire Interactive,Adventure,0,$123.64,1
DS_256GVW295Q,Hearts of Iron,Strategy First,Strategy|War,0,$84.27,8
DS_256HKLGXH2,Dragon Age: Origins,Electronic Arts,Role-playing,0,$78.76,2
DS_256UAY6A7F,RapeLay,Illusion Soft,Eroge,1,$128.66,4
DS_2574WA4X7E,Voyeur,MacPlay|Philips|Interplay Entertainment,Full Motion,1,$21.69,15
DS_2575LAHLJR,Saints Row IV,Spike Chunsoft|Deep Silver,Action|Adventure,1,$7.91,6
DS_25769PUZKT,Carmageddon II: Carpocalypse Now,Square Enix,Combat|Racing,1,$149.70,1
DS_257IKMGY83,State of Decay,Microsoft Studios,Survival|Horror|Stealth,1,$65.44,12
DS_257J9CUMKG,Mortal Kombat II,Midway Games|Acclaim,Fighting,1,$65.22,14
DS_257VB07B8H,EverQuest,Sony,Role-playing,0,$17.78,6
DS_258JLNIZ94,Homefront,THQ,First-person shooter,1,$90.17,4
DS_258KADVNLH,Battlefield III,Electronic Arts|Sega,First-person shooter,0,$38.80,6
DS_2597N2JNLT,Wolfenstein 3D,Apogee|Manaccom|Interplay Entertainment|BAM! Entertainment|Atari|MacPlay|Imagineer|GT Interactive|Zodttd|Activision,First-person shooter,1,$36.74,2
DS_2598B16BM5,Dark Sector,Aspyr|D3 Publisher,Third-person shooter,1,$16.60,11
DS_259LBEWEMI,The Darkness,2K Games,First-person shooter,1,$24.48,4
DS_259M0D92OU,NARC (2005),Williams,Run and gun,0,$80.73,10
DS_25A8C2X2N5,Shellshock II: Blood Trails,Eidos Interactive,First-person shooter,1,$67.73,13
DS_25AA11KQYI,Mass Effect,Electronic Arts,Role-playing|Third-person shooter,1,$124.60,9
DS_25AMCFXFNJ,Injustice: Gods Among Us,Warner Bros.,Fighting,0,$46.02,12
DS_25AN1EA3PV,Blitz I: The League,Midway Games,Sports,0,$103.03,2
DS_25BAD3Y3O6,Grand Theft Auto III,Rockstar Games,Action|Adventure,1,$81.64,10
DS_25BB22LR0J,Dead Island: Riptide,Deep Silver,Survival|Horror|Action|Role-playing,1,$142.96,6
DS_25BXBFLDZ6,Mafia II,1C Company|2K Games|Feral Interactive|Connect2Media,Third-person shooter|Action|Adventure,0,$100.10,2
DS_25CC3TCS0A,Singles: Flirt Up Your Life,Deep Silver,Simulation,0,$65.80,14
DS_25CDSTZG2N,Max Payne,Rockstar Games,Third-person shooter,0,$65.92,2
DS_25CXEQ8RYU,EA Sports MMA,Electronic Arts,Sports,1,$143.77,11
DS_25DD4UDT1B,Grand Theft Auto: Vice City,Capcom|Rockstar Games,Action|Adventure,0,$62.93,7
DS_25DZ4HNF1Y,Red Dead Redemption,Rockstar Games,Action|Adventure,1,$143.89,10
DS_25E05IOG2Z,Football Manager 2005,Sega,Sports|Simulation,0,$54.73,11
DS_25E23H14EC,Command & Conquer Generals,Electronic Arts|Aspyr,Strategy,1,$39.96,15
DS_25EO34BHEY,Mortyr,,First-person shooter,1,$41.07,9
DS_25F15JOH30,Three Sisters' Story,JAST USA,Visual novel|Eroge,1,$20.83,10
DS_25F2U92W5C,Reservoir Dogs,Eidos Interactive,Third-person shooter,1,$105.82,5
DS_25FOF6P43N,I.G.I.-2: Covert Strike,Codemasters,Stealth,0,$120.19,11
DS_25FP45CJFZ,BlazBlue II: Continuum Shift,Arc System Works|Aksys,Fighting,0,$140.69,3
DS_25G5K9HLIQ,Condemned II: Bloodshot,Warner Bros.|Sega,Action|Beat 'em up,1,$101.60,12
DS_25GRUWQ7ID,Phantasmagoria,Sierra,Interactive movie|Psychological horror|Adventure,1,$149.94,11
DS_25HFVJRVS0,Mass Effect III,Electronic Arts,Third-person shooter|Action|Role-playing,1,$12.76,13
DS_25HSVXR8JE,BMX XXX,Acclaim,Racing|Sports,1,$77.46,9
DS_25IF7LE8IP,Grand Theft Auto: Episodes from Liberty City,Rockstar Games,Action|Adventure,1,$23.32,11
DS_25IGWLSWT1,Dead Rising II,Capcom,Survival|Horror,0,$142.57,11
DS_25ITWYS9KE,The Punisher,THQ,Action|Third-person shooter,1,$85.11,11
DS_25JILB6BWF,Mercenaries I: Playground of Destruction,LucasArts,Action|Adventure,1,$77.47,15
DS_25JUXZTALG,Leisure Suit Larry:Magna Cum Laude,Sierra,Adventure,1,$112.68,11
DS_25KIYDUYV3,Harvester,Merit Studios,Adventure,1,$13.06,6
DS_25KJNC7CXG,Dragon Age II,Electronic Arts,Role-playing,0,$31.56,9
DS_25L7O0I084,Condemned I: Criminal Origins,Warner Bros.|Sega,Action|Beat 'em up,0,$40.84,14
DS_25LKND8DY7,Spec Ops XI: The Line,2K Games|Digital Tribe Games,Third-person shooter,0,$61.33,5
DS_25LLC3M1AK,Mortal Kombat,Midway Games|Acclaim|Arena|Virgin|Tec Toy,Fighting,1,$101.33,14
DS_25M8O191ZV,Saints Row III,THQ,Action|Adventure,0,$65.14,6
DS_25M9DQWPB7,Manhunt II,Rockstar Games,Stealth,0,$141.27,15
DS_25MLOE9EZ8,Heavy Rain,Sony,Interactive movie|Action|Adventure,1,$74.94,12
DS_25MMD4N2BL,Assassin's Creed,Ubisoft,Historical fiction|Stealth|Action|Adventure,1,$98.80,8
DS_25NAESXQC9,Dante's Inferno,Electronic Arts,Hack and slash|Action|Adventure,1,$133.92,1
DS_25NWOEXCCV,Postal,Ripcord Games,Third-person shooter,0,$70.65,13
DS_25O0QTB31X,Wolfenstein,Activision,First-person shooter,1,$69.42,4
DS_25OBFSYRD9,Scarface: The World is Yours,Sierra,Action|Adventure,1,$14.15,4
DS_25OYPFYEDW,Call of Duty IV: Modern Warfare,Activision|Square Enix,First-person shooter,1,$146.41,8
DS_25P0E6CTPA,Postal II,Whiptail Interactive,First-person shooter,1,$88.52,15
DS_25Q1G7EUQB,Carmageddon,Square Enix|Interplay Entertainment,Combat|Open world,0,$117.83,13
DS_25QD5JD6GN,Dead Island,Deep Silver,Survival|Horror|Action|Role-playing,0,$46.79,9
DS_25QZHH06FY,Duke Nukem 3D,MacSoft Games|GT Interactive|Sega|Devolver Digital,First-person shooter,1,$31.40,9
DS_25ROGVOIRY,50 Cent: Bulletproof,Sierra|Vivendi Games,Action,1,$73.40,9
DS_25S389FWSD,Fallout IV: New Vegas,Bethesda Softworks|Namco Bandai Games,Action|Role-playing,0,$117.36,3
DS_25SGHVFISZ,Syndicate,Electronic Arts,First-person shooter,1,$146.14,4
DS_25SQ6L264C,Mortal Kombat III,Midway Games,Fighting,0,$127.05,8
DS_25T4682KUP,Catherine,Atlus,Platform|Adventure,1,$9.15,7
DS_25THIXGJT0,Hotline Miami II: Wrong Number,Devolver Digital,Action,1,$93.04,15
DS_25TU8AGWJ4,The Witcher II,Enhanced Edition,Hack and slash|Action|Role-playing,1,$109.42,10
DS_25UR7M375D,Battlefield IV,Electronic Arts,First-person shooter,0,$99.99,8
DS_25V69B5M6S,Silent Hill VI: Homecoming,Konami,Survival|Horror,1,$131.09,7
DS_25VHYAJA94,Mass Effect II,Electronic Arts,Third-person shooter|Action|Role-playing,0,$98.62,3
DS_25VTXMIN8H,NecroVisioN,505 Games|Aspyr|1C Company,First-person shooter,1,$130.81,9
DS_25W7AC6N8T,Grand Theft Auto V,Rockstar Games,Action|Adventure,1,$9.72,4
DS_25WVYOJO9I,Blood,GT Interactive,First-person shooter,0,$11.03,12
DS_25X902KCA6,Soldier of Fortune III: Payback,Activision,First-person shooter,1,$80.25,8
DS_25XIZBKBA5,Dead Rising,Capcom,Survival|Horror,1,$69.60,14
DS_25YB14MDC7,Half-Life,Sierra,First-person shooter,0,$14.34,2
DS_25YKP270MJ,Medal of Honor IVX: Warfighter,Electronic Arts,First-person shooter,0,$9.89,10
DS_25YW0GLQBK,Left 4 Dead II,Valve Corporation,First-person shooter|Survival|Horror,1,$71.28,7
DS_25YX1QV0BU,Requiem: Avenging Angel,3DO|Ubisoft,First-person shooter,1,$130.68,12
DS_25ZLQ391NK,Doom,Atari|Sega|Activision|Valve Corporation|Bethesda Softworks|GT Interactive|Id Software|Imagineer|Ocean Software|Williams,First-person shooter,1,$69.05,15
DS_25ZY2RW1CV,God of War ,Sony|Capcom|Sony,Music,0,$76.14,8
